value,label
KRX:005930,삼성전자
KRX:000660,SK하이닉스
KRX:373220,LG에너지솔루션
KRX:207940,삼성바이오로직스
KRX:005380,현대차
KRX:005935,삼성전자우
KRX:000270,기아
KRX:068270,셀트리온
KRX:005490,POSCO홀딩스
KRX:051910,LG화학
KRX:035420,네이버
KRX:028260,삼성물산
KRX:006400,삼성SDI
KRX:105560,KB금융
KRX:003670,포스코퓨처엠
KRX:035720,카카오
KRX:012330,현대모비스
KRX:055550,신한지주
KRX:032830,삼성생명
KRX:138040,메리츠금융지주
KRX:086790,하나금융지주
KRX:015760,한국전력
KRX:066570,LG전자
KRX:003550,LG
KRX:000810,삼성화재
KRX:034730,SK
KRX:323410,카카오뱅크
KRX:450080,에코프로머티
KRX:011200,HMM
KRX:033780,KT&G
KRX:018260,삼성에스디에스
KRX:096770,SK이노베이션
KRX:017670,SK텔레콤
KRX:316140,우리금융지주
KRX:024110,기업은행
KRX:259960,크래프톤
KRX:329180,HD현대중공업
KRX:009150,삼성전기
KRX:034020,두산에너빌리티
KRX:030200,KT
KRX:047050,포스코인터내셔널
KRX:402340,SK스퀘어
KRX:012450,한화에어로스페이스
KRX:010130,고려아연
KRX:010950,S-Oil
KRX:003490,대한항공
KRX:352820,하이브
KRX:042700,한미반도체
KRX:022100,포스코DX
KRX:009540,HD한국조선해양
KRX:326030,SK바이오팜
KRX:042660,한화오션
KRX:086280,현대글로비스
KRX:090430,아모레퍼시픽
KRX:005830,DB손해보험
KRX:010140,삼성중공업
KRX:161390,한국타이어앤테크놀로지
KRX:066970,엘앤에프
KRX:377300,카카오페이
KRX:005387,현대차2우B
KRX:005070,코스모신소재
KRX:001570,금양
KRX:267250,HD현대
KRX:088980,맥쿼리인프라
KRX:006800,미래에셋증권
KRX:000100,유한양행
KRX:251270,넷마블
KRX:011170,롯데케미칼
KRX:361610,SK아이이테크놀로지
KRX:047810,한국항공우주
KRX:051900,LG생활건강
KRX:028050,삼성엔지니어링
KRX:004020,현대제철
KRX:454910,두산로보틱스
KRX:011070,LG이노텍
KRX:009830,한화솔루션
KRX:302440,SK바이오사이언스
KRX:241560,두산밥캣
KRX:097950,CJ제일제당
KRX:032640,LG유플러스
KRX:267260,HD현대일렉트릭
KRX:078930,GS
KRX:029780,삼성카드
KRX:128940,한미약품
KRX:036570,엔씨소프트
KRX:011780,금호석유
KRX:180640,한진칼
KRX:307950,현대오토에버
KRX:034220,LG디스플레이
KRX:021240,코웨이
KRX:071050,한국금융지주
KRX:005940,NH투자증권
KRX:000720,현대건설
KRX:005385,현대차우
KRX:035250,강원랜드
KRX:016360,삼성증권
KRX:271560,오리온
KRX:064350,현대로템
KRX:003410,쌍용C&E
KRX:039490,키움증권
KRX:018880,한온시스템
KRX:004990,롯데지주
KRX:079550,LIG넥스원
KRX:272210,한화시스템
KRX:011790,SKC
KRX:008930,한미사이언스
KRX:000120,CJ대한통운
KRX:006260,LS
KRX:001040,CJ
KRX:001450,현대해상
KRX:383220,F&F
KRX:088350,한화생명
KRX:052690,한전기술
KRX:036460,한국가스공사
KRX:028670,팬오션
KRX:175330,JB금융지주
KRX:010620,현대미포조선
KRX:138930,BNK금융지주
KRX:002380,KCC
KRX:008770,호텔신라
KRX:007070,GS리테일
KRX:081660,휠라홀딩스
KRX:051915,LG화학우
KRX:282330,BGF리테일
KRX:278470,에이피알
KRX:012750,에스원
KRX:000880,한화
KRX:002790,아모레G
KRX:023530,롯데쇼핑
KRX:112610,씨에스윈드
KRX:030000,제일기획
KRX:004370,농심
KRX:139480,이마트
KRX:000990,DB하이텍
KRX:111770,영원무역
KRX:007660,이수페타시스
KRX:014680,한솔케미칼
KRX:010120,LS ELECTRIC
KRX:010060,OCI홀딩스
KRX:457190,이수스페셜티케미컬
KRX:009420,한올바이오파마
KRX:073240,금호타이어
KRX:006040,동원산업
KRX:298040,효성중공업
KRX:002710,TCC스틸
KRX:026960,동서
KRX:004170,신세계
KRX:051600,한전KPS
KRX:047040,대우건설
KRX:011210,현대위아
KRX:000240,한국앤컴퍼니
KRX:007310,오뚜기
KRX:042670,HD현대인프라코어
KRX:020150,롯데에너지머티리얼즈
KRX:145720,덴티움
KRX:005850,에스엘
KRX:137310,에스디바이오센서
KRX:017800,현대엘리베이
KRX:204320,HL만도
KRX:001740,SK네트웍스
KRX:003620,KG모빌리티
KRX:000150,두산
KRX:139130,DGB금융지주
KRX:298050,효성첨단소재
KRX:018670,SK가스
KRX:006110,삼아알미늄
KRX:248070,솔루엠
KRX:185750,종근당
KRX:000080,하이트진로
KRX:012510,더존비즈온
KRX:006280,녹십자
KRX:006360,GS건설
KRX:005420,코스모화학
KRX:003690,코리안리
KRX:069620,대웅제약
KRX:375500,DL이앤씨
KRX:294870,HDC현대산업개발
KRX:336260,두산퓨얼셀
KRX:003230,삼양식품
KRX:003090,대웅
KRX:004800,효성
KRX:298020,효성티앤씨
KRX:009970,영원무역홀딩스
KRX:280360,롯데웰푸드
KRX:069960,현대백화점
KRX:004000,롯데정밀화학
KRX:108320,LX세미콘
KRX:192820,코스맥스
KRX:103140,풍산
KRX:285130,SK케미칼
KRX:001440,대한전선
KRX:005300,롯데칠성
KRX:009240,한샘
KRX:004490,세방전지
KRX:353200,대덕전자
KRX:161890,한국콜마
KRX:120110,코오롱인더
KRX:001120,LX인터내셔널
KRX:267270,HD현대건설기계
KRX:039130,하나투어
KRX:395400,SK리츠
KRX:017860,DS단석
KRX:008730,율촌화학
KRX:014820,동원시스템즈
KRX:000210,DL
KRX:192080,더블유게임즈
KRX:089860,롯데렌탈
KRX:023590,다우기술
KRX:003530,한화투자증권
KRX:082640,동양생명
KRX:000670,영풍
KRX:181710,NHN
KRX:006650,대한유화
KRX:001430,세아베스틸지주
KRX:002350,넥센타이어
KRX:089590,제주항공
KRX:001800,오리온홀딩스
KRX:000400,롯데손해보험
KRX:003030,세아제강지주
KRX:214320,이노션
KRX:003240,태광산업
KRX:020560,아시아나항공
KRX:085620,미래에셋생명
KRX:010780,아이에스동서
KRX:271940,일진하이솔루스
KRX:336370,솔루스첨단소재
KRX:365550,ESR켄달스퀘어리츠
KRX:009900,명신산업
KRX:300720,한일시멘트
KRX:003540,대신증권
KRX:006120,SK디스커버리
KRX:007340,DN오토모티브
KRX:069260,TKG휴켐스
KRX:003850,보령
KRX:105630,한세실업
KRX:348950,제이알글로벌리츠
KRX:093370,후성
KRX:195870,해성디에스
KRX:281820,케이씨텍
KRX:002840,미원상사
KRX:005250,녹십자홀딩스
KRX:114090,GKL
KRX:009450,경동나비엔
KRX:100090,SK오션플랜트
KRX:001060,JW중외제약
KRX:330590,롯데리츠
KRX:456040,OCI
KRX:192650,드림텍
KRX:079160,CJ CGV
KRX:066575,LG전자우
KRX:016380,KG스틸
KRX:000815,삼성화재우
KRX:001530,DI동일
KRX:000640,동아쏘시오홀딩스
KRX:032350,롯데관광개발
KRX:001680,대상
KRX:268280,미원에스씨
KRX:003280,흥아해운
KRX:025540,한국단자
KRX:161000,애경케미칼
KRX:005440,현대지에프홀딩스
KRX:005880,대한해운
KRX:344820,KCC글라스
KRX:272450,진에어
KRX:082740,HSD엔진
KRX:064960,SNT모티브
KRX:007700,F&F홀딩스
KRX:170900,동아에스티
KRX:030190,NICE평가정보
KRX:460860,동국제강
KRX:019170,신풍제약
KRX:033240,자화전자
KRX:293940,신한알파리츠
KRX:000070,삼양홀딩스
KRX:001720,신영증권
KRX:003570,SNT다이내믹스
KRX:178920,PI첨단소재
KRX:049770,동원F&B
KRX:403550,쏘카
KRX:030610,교보증권
KRX:381970,케이카
KRX:031430,신세계인터내셔날
KRX:090460,비에이치
KRX:192400,쿠쿠홀딩스
KRX:286940,롯데정보통신
KRX:002240,고려제강
KRX:091810,티웨이항공
KRX:229640,LS에코에너지
KRX:00680K,미래에셋증권2우B
KRX:057050,현대홈쇼핑
KRX:000370,한화손해보험
KRX:210980,SK디앤디
KRX:017960,한국카본
KRX:003470,유안타증권
KRX:200880,서연이화
KRX:071320,지역난방공사
KRX:383800,LX홀딩스
KRX:014830,유니드
KRX:005180,빙그레
KRX:950210,프레스티지바이오파마
KRX:005610,SPC삼립
KRX:103590,일진전기
KRX:145990,삼양사
KRX:001470,삼부토건
KRX:012630,HDC
KRX:034310,NICE
KRX:900140,엘브이엠씨홀딩스
KRX:020000,한섬
KRX:003000,부광약품
KRX:001725,신영증권우
KRX:034120,SBS
KRX:097520,엠씨넥스
KRX:377740,바이오노트
KRX:017940,E1
KRX:284740,쿠쿠홈시스
KRX:007810,코리아써키트
KRX:002030,아세아
KRX:058650,세아홀딩스
KRX:249420,일동제약
KRX:010690,화신
KRX:183190,아세아시멘트
KRX:001390,KG케미칼
KRX:357120,코람코라이프인프라리츠
KRX:002310,아세아제지
KRX:005810,풍산홀딩스
KRX:018250,애경산업
KRX:241590,화승엔터프라이즈
KRX:001940,KISCO홀딩스
KRX:003920,남양유업
KRX:123890,한국자산신탁
KRX:001200,유진투자증권
KRX:126560,현대퓨처넷
KRX:084690,대상홀딩스
KRX:004690,삼천리
KRX:432320,KB스타리츠
KRX:017810,풀무원
KRX:011930,신성이엔지
KRX:003300,한일홀딩스
KRX:453340,현대그린푸드
KRX:090435,아모레퍼시픽우
KRX:003545,대신증권우
KRX:006220,제주은행
KRX:029530,신도리코
KRX:448730,삼성FN리츠
KRX:033270,유나이티드제약
KRX:094800,맵스리얼티1
KRX:016800,퍼시스
KRX:093050,LF
KRX:306200,세아제강
KRX:009290,광동제약
KRX:027410,BGF
KRX:003520,영진약품
KRX:006405,삼성SDI우
KRX:005389,현대차3우B
KRX:108670,LX하우시스
KRX:025860,남해화학
KRX:004430,송원산업
KRX:002320,한진
KRX:007690,국도화학
KRX:093230,이아이디
KRX:451800,한화리츠
KRX:060980,HL홀딩스
KRX:004700,조광피혁
KRX:036530,SNT홀딩스
KRX:001340,백광산업
KRX:000430,대원강업
KRX:075580,세진중공업
KRX:001820,삼화콘덴서
KRX:000490,대동
KRX:00088K,한화3우B
KRX:005090,SGC에너지
KRX:003960,사조대림
KRX:003220,대원제약
KRX:000680,LS네트웍스
KRX:298690,에어부산
KRX:005690,파미셀
KRX:051905,LG생활건강우
KRX:005950,이수화학
KRX:001880,DL건설
KRX:001780,알루코
KRX:012030,DB
KRX:000540,흥국화재
KRX:00104K,CJ4우(전환)
KRX:004380,삼익THK
KRX:002960,한국쉘석유
KRX:084010,대한제강
KRX:088260,이리츠코크렙
KRX:072710,농심홀딩스
KRX:013890,지누스
KRX:003120,일성신약
KRX:104700,한국철강
KRX:071970,STX중공업
KRX:008490,서흥
KRX:001510,SK증권
KRX:017390,서울가스
KRX:126720,수산인더스트리
KRX:084680,이월드
KRX:029460,케이씨
KRX:058430,포스코스틸리온
KRX:077970,STX엔진
KRX:001630,종근당홀딩스
KRX:092220,KEC
KRX:006390,한일현대시멘트
KRX:001500,현대차증권
KRX:097230,HJ중공업
KRX:001790,대한제당
KRX:138490,코오롱플라스틱
KRX:026890,스틱인베스트먼트
KRX:000480,CR홀딩스
KRX:122900,아이마켓코리아
KRX:095720,웅진씽크빅
KRX:004560,현대비앤지스틸
KRX:005500,삼진제약
KRX:071055,한국금융지주우
KRX:011810,STX
KRX:272550,삼양패키징
KRX:452260,한화갤러리아
KRX:037560,LG헬로비전
KRX:102460,이연제약
KRX:005010,휴스틸
KRX:009160,SIMPAC
KRX:001270,부국증권
KRX:005390,신성통상
KRX:003580,HLB글로벌
KRX:115390,락앤락
KRX:009680,모토닉
KRX:000020,동화약품
KRX:034830,한국토지신탁
KRX:007570,일양약품
KRX:024720,한국콜마홀딩스
KRX:001460,BYC
KRX:008350,남선알미늄
KRX:001230,동국홀딩스
KRX:011500,한농화성
KRX:016580,환인제약
KRX:053210,스카이라이프
KRX:002150,도화엔지니어링
KRX:322000,HD현대에너지솔루션
KRX:037270,YG PLUS
KRX:002810,삼영무역
KRX:018470,조일알미늄
KRX:213500,한솔제지
KRX:298000,효성화학
KRX:007860,서연
KRX:226320,잇츠한불
KRX:035150,백산
KRX:130660,한전산업
KRX:096760,JW홀딩스
KRX:016590,신대양제지
KRX:011760,현대코퍼레이션
KRX:037710,광주신세계
KRX:003160,디아이
KRX:271980,제일약품
KRX:004360,세방
KRX:036420,콘텐트리중앙
KRX:293480,하나제약
KRX:001250,GS글로벌
KRX:092230,KPX홀딩스
KRX:002900,TYM
KRX:450140,코오롱모빌리티그룹
KRX:000050,경방
KRX:071840,롯데하이마트
KRX:334890,이지스밸류리츠
KRX:001520,동양
KRX:001130,대한제분
KRX:194370,제이에스코퍼레이션
KRX:068290,삼성출판사
KRX:011280,태림포장
KRX:015360,예스코홀딩스
KRX:019680,대교
KRX:117580,대성에너지
KRX:102260,동성케미컬
KRX:005720,넥센
KRX:008060,대덕
KRX:025000,KPX케미칼
KRX:462520,조선내화
KRX:020120,키다리스튜디오
KRX:377190,디앤디플랫폼리츠
KRX:002020,코오롱
KRX:109070,주성코퍼레이션
KRX:006840,AK홀딩스
KRX:035510,신세계 I&C
KRX:003200,일신방직
KRX:004710,한솔테크닉스
KRX:030210,다올투자증권
KRX:011785,금호석유우
KRX:095570,AJ네트웍스
KRX:074610,이엔플러스
KRX:404990,신한서부티엔디리츠
KRX:090350,노루페인트
KRX:000140,하이트진로홀딩스
KRX:039570,HDC랩스
KRX:011330,유니켐
KRX:015860,일진홀딩스
KRX:004980,성신양회
KRX:044450,KSS해운
KRX:234080,JW생명과학
KRX:007160,사조산업
KRX:009155,삼성전기우
KRX:000155,두산우
KRX:005945,NH투자증권우
KRX:027970,한국제지
KRX:011000,진원생명과학
KRX:010955,S-Oil우
KRX:007460,에이프로젠
KRX:267850,아시아나IDT
KRX:417310,코람코더원리츠
KRX:053690,한미글로벌
KRX:339770,교촌에프앤비
KRX:081000,일진다이아
KRX:460850,동국씨엠
KRX:001080,만호제강
KRX:003555,LG우
KRX:002100,경농
KRX:010100,한국무브넥스
KRX:009580,무림P&P
KRX:028100,동아지질
KRX:005680,삼영전자
KRX:02826K,삼성물산우B
KRX:363280,티와이홀딩스
KRX:016610,DB금융투자
KRX:002390,한독
KRX:014280,금강공업
KRX:016450,한세예스24홀딩스
KRX:002990,금호건설
KRX:004250,NPC
KRX:107590,미원홀딩스
KRX:000390,삼화페인트
KRX:092790,넥스틸
KRX:003070,코오롱글로벌
KRX:100250,진양홀딩스
KRX:097955,CJ제일제당 우
KRX:317400,자이에스앤디
KRX:006060,화승인더
KRX:139990,아주스틸
KRX:128820,대성산업
KRX:000500,가온전선
KRX:015890,태경산업
KRX:214390,경보제약
KRX:092200,디아이씨
KRX:077500,유니퀘스트
KRX:078520,에이블씨엔씨
KRX:010580,에스엠벡셀
KRX:105840,우진
KRX:002620,제일파마홀딩스
KRX:005430,한국공항
KRX:136490,선진
KRX:100840,SNT에너지
KRX:011700,한신기계
KRX:007210,벽산
KRX:033530,세종공업
KRX:058850,KTcs
KRX:282690,동아타이어
KRX:083420,그린케미칼
KRX:010820,퍼스텍
KRX:015230,대창단조
KRX:013570,디와이
KRX:014580,태경비케이
KRX:001020,페이퍼코리아
KRX:000320,노루홀딩스
KRX:008700,아남전자
KRX:101530,해태제과식품
KRX:024900,덕양산업
KRX:004090,한국석유
KRX:012320,경동인베스트
KRX:000520,삼일제약
KRX:134380,미원화학
KRX:016710,대성홀딩스
KRX:017370,우신시스템
KRX:002170,삼양통상
KRX:214420,토니모리
KRX:006490,인스코비
KRX:002780,진흥기업
KRX:079430,현대리바트
KRX:006890,태경케미컬
KRX:000970,한국주철관
KRX:000700,유수홀딩스
KRX:031440,신세계푸드
KRX:111380,동인기연
KRX:070960,용평리조트
KRX:210540,디와이파워
KRX:012610,경인양행
KRX:003830,대한화섬
KRX:007540,샘표
KRX:003720,삼영
KRX:033920,무학
KRX:003547,대신증권2우B
KRX:000860,강남제비스코
KRX:400760,NH올원리츠
KRX:008260,NI스틸
KRX:004970,신라교역
KRX:094280,효성ITX
KRX:001360,삼성제약
KRX:089470,HDC현대EP
KRX:000180,성창기업지주
KRX:017900,광전자
KRX:003650,미창석유
KRX:079980,휴비스
KRX:002210,동성제약
KRX:004830,덕성
KRX:014530,극동유화
KRX:004080,신흥
KRX:025820,이구산업
KRX:008040,사조동아원
KRX:001750,한양증권
KRX:013580,계룡건설
KRX:009270,신원
KRX:002700,신일전자
KRX:214330,금호에이치티
KRX:023800,인지컨트롤스
KRX:004840,DRB동일
KRX:00279K,아모레G3우(전환)
KRX:014160,대영포장
KRX:003460,유화증권
KRX:016740,두올
KRX:024090,디씨엠
KRX:372910,한컴라이프케어
KRX:063160,종근당바이오
KRX:248170,샘표식품
KRX:004150,한솔홀딩스
KRX:017550,수산중공업
KRX:163560,동일고무벨트
KRX:012170,아센디오
KRX:001045,CJ우
KRX:012800,대창
KRX:120030,조선선재
KRX:010040,한국내화
KRX:004310,현대약품
KRX:002200,한국수출포장
KRX:047400,유니온머티리얼
KRX:396690,미래에셋글로벌리츠
KRX:033180,KH 필룩스
KRX:005960,동부건설
KRX:032560,황금에스티
KRX:009070,KCTC
KRX:019440,세아특수강
KRX:023000,삼원강재
KRX:012600,청호ICT
KRX:036580,팜스코
KRX:267290,경동도시가스
KRX:009470,삼화전기
KRX:003060,에이프로젠바이오로직스
KRX:004890,동일산업
KRX:034590,인천도시가스
KRX:002450,삼익악기
KRX:002460,화성산업
KRX:055490,테이팩스
KRX:058860,KTis
KRX:000230,일동홀딩스
KRX:007280,한국특강
KRX:010660,화천기계
KRX:004100,태양금속
KRX:350520,이지스레지던스리츠
KRX:003350,한국화장품제조
KRX:013520,화승코퍼레이션
KRX:096775,SK이노베이션우
KRX:012690,모나리자
KRX:004140,동방
KRX:004720,팜젠사이언스
KRX:035000,HS애드
KRX:067830,세이브존I&C
KRX:023450,동남합성
KRX:264900,크라운제과
KRX:004540,깨끗한나라
KRX:078000,텔코웨어
KRX:227840,현대코퍼레이션홀딩스
KRX:006370,대구백화점
KRX:002600,조흥
KRX:011150,CJ씨푸드
KRX:016880,웅진
KRX:011690,와이투솔루션
KRX:002720,국제약품
KRX:007980,태평양물산
KRX:005870,휴니드
KRX:015590,KIB플러그에너지
KRX:123690,한국화장품
KRX:003480,한진중공업홀딩스
KRX:006740,영풍제지
KRX:017040,광명전기
KRX:044820,코스맥스비티아이
KRX:009410,태영건설
KRX:031820,콤텍시스템
KRX:204210,스타리츠
KRX:011300,성안
KRX:101140,인바이오젠
KRX:308170,씨티알모빌리티
KRX:009200,무림페이퍼
KRX:092440,기신정기
KRX:244920,에이플러스에셋
KRX:004060,SG세계물산
KRX:005740,크라운해태홀딩스
KRX:003610,방림
KRX:145210,다이나믹디자인
KRX:021820,세원정공
KRX:016090,대현
KRX:011420,갤럭시아에스엠
KRX:006340,대원전선
KRX:005800,신영와코루
KRX:007590,동방아그로
KRX:034300,신세계건설
KRX:33626K,두산퓨얼셀1우
KRX:001290,상상인증권
KRX:018500,동원금속
KRX:023810,인팩
KRX:000910,유니온
KRX:001560,제일연마
KRX:010600,웰바이오텍
KRX:007110,일신석재
KRX:008970,동양철관
KRX:378850,화승알앤에이
KRX:013870,지엠비코리아
KRX:006880,신송홀딩스
KRX:03473K,SK우
KRX:004960,한신공영
KRX:004770,써니전자
KRX:010960,삼호개발
KRX:000220,유유제약
KRX:003780,진양산업
KRX:006090,사조오양
KRX:100220,비상교육
KRX:041650,상신브레이크
KRX:003925,남양유업우
KRX:004910,조광페인트
KRX:338100,NH프라임리츠
KRX:014790,HL D&I
KRX:002140,고려산업
KRX:357250,미래에셋맵스리츠
KRX:075180,새론오토모티브
KRX:058730,다스코
KRX:085310,엔케이
KRX:357430,마스턴프리미어리츠
KRX:002920,유성기업
KRX:000590,CS홀딩스
KRX:024890,대원화성
KRX:027740,마니커
KRX:001380,SG글로벌
KRX:002760,보락
KRX:011230,삼화전자
KRX:004270,남성
KRX:003010,혜인
KRX:000850,화천기공
KRX:069460,대호에이엘
KRX:000890,보해양조
KRX:119650,KC코트렐
KRX:000105,유한양행우
KRX:002360,SH에너지화학
KRX:008110,대동전자
KRX:111110,호전실업
KRX:129260,인터지스
KRX:102280,쌍방울
KRX:002220,한일철강
KRX:004920,씨아이테크
KRX:014440,영보화학
KRX:155660,DSR
KRX:017180,명문제약
KRX:026940,부국철강
KRX:009440,KC그린홀딩스
KRX:013700,까뮤이앤씨
KRX:006660,삼성공조
KRX:001260,남광토건
KRX:000650,천일고속
KRX:019180,티에이치엔
KRX:002630,오리엔트바이오
KRX:090080,평화산업
KRX:004450,삼화왕관
KRX:009180,한솔로지스틱스
KRX:001550,조비
KRX:008250,이건산업
KRX:004410,서울식품
KRX:002795,아모레G우
KRX:078935,GS우
KRX:001620,케이비아이동국실업
KRX:009810,플레이그램
KRX:013360,일성건설
KRX:025560,미래산업
KRX:465770,STX그린로지스
KRX:025750,한솔홈데코
KRX:023350,한국종합기술
KRX:001275,부국증권우
KRX:009770,삼정펄프
KRX:118000,에스메디
KRX:008870,금비
KRX:071090,하이스틸
KRX:011390,부산산업
KRX:021050,서원
KRX:28513K,SK케미칼우
KRX:006805,미래에셋증권우
KRX:006980,우성
KRX:008420,문배철강
KRX:069640,한세엠케이
KRX:014710,사조씨푸드
KRX:120115,코오롱인더우
KRX:143210,핸즈코퍼레이션
KRX:069730,DSR제강
KRX:005750,대림B&Co
KRX:025530,SJM홀딩스
KRX:049800,우진플라임
KRX:009320,대우부품
KRX:446070,유니드비티플러스
KRX:092780,동양피스톤
KRX:123700,SJM
KRX:014130,한익스프레스
KRX:000157,두산2우B
KRX:003560,IHQ
KRX:003080,성보화학
KRX:009835,한화솔루션우
KRX:009190,대양금속
KRX:005360,모나미
KRX:012160,영흥
KRX:014990,인디에프
KRX:004440,삼일씨엔에스
KRX:134790,시디즈
KRX:004870,티웨이홀딩스
KRX:010640,진양폴리
KRX:091090,세원이앤씨
KRX:090370,메타랩스
KRX:007610,선도전기
KRX:015260,에이엔피
KRX:000725,현대건설우
KRX:023960,에쓰씨엔지니어링
KRX:009460,한창제지
KRX:37550L,DL이앤씨2우(전환)
KRX:033250,체시스
KRX:005305,롯데칠성우
KRX:020760,일진디스플
KRX:009310,참엔지니어링
KRX:072130,유엔젤
KRX:002880,대유에이텍
KRX:023150,MH에탄올
KRX:012280,영화금속
KRX:003535,한화투자증권우
KRX:33637K,솔루스첨단소재1우
KRX:012200,계양전기
KRX:145270,케이탑리츠
KRX:051630,진양화학
KRX:005320,국동
KRX:010770,평화홀딩스
KRX:006200,한국전자홀딩스
KRX:000040,KR모터스
KRX:006570,대림통상
KRX:006125,SK디스커버리우
KRX:000215,DL우
KRX:002410,범양건영
KRX:000760,이화산업
KRX:019175,신풍제약우
KRX:013000,세우글로벌
KRX:005820,원림
KRX:001140,국보
KRX:093240,형지엘리트
KRX:37550K,DL이앤씨우
KRX:001070,대한방직
KRX:003465,유화증권우
KRX:024070,WISCOM
KRX:010400,우진아이엔에스
KRX:002690,동일제강
KRX:005030,부산주공
KRX:000950,전방
KRX:084870,TBH글로벌
KRX:003475,유안타증권우
KRX:008600,윌비스
KRX:009140,경인전자
KRX:014910,성문전자
KRX:001420,태원물산
KRX:008775,호텔신라우
KRX:003680,한성기업
KRX:084670,동양고속
KRX:002820,SUN&L
KRX:002070,비비안
KRX:002420,세기상사
KRX:015020,이스타코
KRX:030720,동원수산
KRX:001465,BYC우
KRX:011090,에넥스
KRX:007120,미래아이앤지
KRX:000300,대유플러스
KRX:044380,주연테크
KRX:025890,한국주강
KRX:00499K,롯데지주우
KRX:133820,화인베스틸
KRX:019685,대교우B
KRX:002870,신풍
KRX:006380,카프로
KRX:001685,대상우
KRX:019490,하이트론
KRX:003495,대한항공우
KRX:004365,세방우
KRX:001210,금호전기
KRX:084695,대상홀딩스우
KRX:33626L,두산퓨얼셀2우B
KRX:088790,진도
KRX:010420,한솔PNS
KRX:152550,한국ANKOR유전
KRX:005257,녹십자홀딩스2우
KRX:001770,SHD
KRX:025620,제이준코스메틱
KRX:002355,넥센타이어1우B
KRX:108675,LX하우시스우
KRX:005110,한창
KRX:007815,코리아써우
KRX:004835,덕성우
KRX:35320K,대덕전자1우
KRX:030790,비케이탑스
KRX:168490,한국패러랠
KRX:001795,대한제당우
KRX:33637L,솔루스첨단소재2우B
KRX:004105,태양금속우
KRX:000087,하이트진로2우B
KRX:000075,삼양홀딩스우
KRX:071950,코아스
KRX:008500,일정실업
KRX:000885,한화우
KRX:004255,NPC우
KRX:18064K,한진칼우
KRX:002025,코오롱우
KRX:45014K,코오롱모빌리티그룹우
KRX:140910,에이리츠
KRX:38380K,LX홀딩스1우
KRX:001067,JW중외제약2우B
KRX:000225,유유제약1우
KRX:005725,넥센우
KRX:001065,JW중외제약우
KRX:003075,코오롱글로벌우
KRX:45226K,한화갤러리아우
KRX:145995,삼양사우
KRX:001515,SK증권우
KRX:004985,성신양회우
KRX:00806K,대덕1우
KRX:008355,남선알미우
KRX:26490K,크라운제과우
KRX:000325,노루홀딩스우
KRX:001755,한양증권우
KRX:36328K,티와이홀딩스우
KRX:090355,노루페인트우
KRX:007575,일양약품우
KRX:006345,대원전선우
KRX:005745,크라운해태홀딩스우
KRX:004545,깨끗한나라우
KRX:014825,동원시스템즈우
KRX:000145,하이트진로홀딩스우
KRX:00781K,코리아써키트2우B
KRX:014285,금강공업우
KRX:005965,동부건설우
KRX:009415,태영건설우
KRX:000545,흥국화재우
KRX:012205,계양전기우
KRX:011155,CJ씨푸드1우
KRX:000227,유유제약2우B
KRX:004415,서울식품우
KRX:002785,진흥기업우B
KRX:014915,성문전자우
KRX:001527,동양2우B
KRX:002787,진흥기업2우B
KRX:002995,금호건설우
KRX:001525,동양우
KRX:247540,에코프로비엠
KRX:086520,에코프로
KRX:028300,HLB
KRX:196170,알테오젠
KRX:348370,엔켐
KRX:068760,셀트리온제약
KRX:403870,HPSP
KRX:065350,신성델타테크
KRX:058470,리노공업
KRX:277810,레인보우로보틱스
KRX:035900,JYP Ent.
KRX:039030,이오테크닉스
KRX:145020,휴젤
KRX:357780,솔브레인
KRX:214150,클래시스
KRX:263750,펄어비스
KRX:293490,카카오게임즈
KRX:005290,동진쎄미켐
KRX:041510,에스엠
KRX:036930,주성엔지니어링
KRX:417200,LS머트리얼즈
KRX:328130,루닛
KRX:035760,CJ ENM
KRX:121600,나노신소재
KRX:000250,삼천당제약
KRX:240810,원익IPS
KRX:112040,위메이드
KRX:095340,ISC
KRX:393890,더블유씨피
KRX:141080,레고켐바이오
KRX:067630,HLB생명과학
KRX:067160,아프리카TV
KRX:036830,솔브레인홀딩스
KRX:025900,동화기업
KRX:281740,레이크머티리얼즈
KRX:253450,스튜디오드래곤
KRX:098460,고영
KRX:096530,씨젠
KRX:214370,케어젠
KRX:067310,하나마이크론
KRX:399720,가온칩스
KRX:140860,파크시스템스
KRX:140410,메지온
KRX:237690,에스티팜
KRX:365340,성일하이텍
KRX:078600,대주전자재료
KRX:034230,파라다이스
KRX:086900,메디톡스
KRX:064760,티씨케이
KRX:298380,에이비엘바이오
KRX:195940,HK이노엔
KRX:009520,포스코엠텍
KRX:440110,파두
KRX:036540,SFA반도체
KRX:214450,파마리서치
KRX:213420,덕산네오룩스
KRX:101490,에스앤에스텍
KRX:085660,차바이오텍
KRX:166090,하나머티리얼즈
KRX:080220,제주반도체
KRX:383310,에코프로에이치엔
KRX:137400,피엔티
KRX:225570,넥슨게임즈
KRX:222800,심텍
KRX:278280,천보
KRX:078130,국일제지
KRX:418550,제이오
KRX:056190,에스에프에이
KRX:101360,에코앤드림
KRX:031980,피에스케이홀딩스
KRX:003380,하림지주
KRX:084370,유진테크
KRX:420770,기가비스
KRX:039200,오스코텍
KRX:376300,디어유
KRX:041190,우리기술투자
KRX:048410,현대바이오
KRX:015750,성우하이텍
KRX:348210,넥스틴
KRX:222080,씨아이에스
KRX:310210,보로노이
KRX:178320,서진시스템
KRX:089030,테크윙
KRX:122870,와이지엔터테인먼트
KRX:336570,원텍
KRX:025320,시노펙스
KRX:074600,원익QnC
KRX:319660,피에스케이
KRX:086450,동국제약
KRX:372170,윤성에프앤씨
KRX:950160,코오롱티슈진
KRX:204270,제이앤티씨
KRX:131970,두산테스나
KRX:215200,메가스터디교육
KRX:053800,안랩
KRX:394280,오픈엣지테크놀로지
KRX:445090,에이직랜드
KRX:095500,미래나노텍
KRX:352480,씨앤씨인터내셔널
KRX:360070,탑머티리얼
KRX:136510,스마트솔루션즈
KRX:183300,코미코
KRX:058610,에스피지
KRX:272290,이녹스첨단소재
KRX:079370,제우스
KRX:119860,커넥트웨이브
KRX:064550,바이오니아
KRX:099190,아이센스
KRX:144510,지씨셀
KRX:131290,티에스이
KRX:094360,칩스앤미디어
KRX:091120,이엠텍
KRX:060280,큐렉소
KRX:058970,엠로
KRX:287410,제이시스메디칼
KRX:018290,브이티
KRX:189300,인텔리안테크
KRX:069080,웹젠
KRX:179900,유티아이
KRX:046890,서울반도체
KRX:115450,HLB테라퓨틱스
KRX:253590,네오셈
KRX:047920,HLB제약
KRX:025980,아난티
KRX:042000,카페24
KRX:030520,한글과컴퓨터
KRX:032500,케이엠더블유
KRX:257720,실리콘투
KRX:232140,와이아이케이
KRX:317330,덕산테코피아
KRX:078340,컴투스
KRX:237880,클리오
KRX:060250,NHN KCP
KRX:290650,엘앤씨바이오
KRX:032190,다우데이타
KRX:228760,지노믹트리
KRX:114190,강원에너지
KRX:460930,현대힘스
KRX:358570,지아이이노베이션
KRX:039440,에스티아이
KRX:053610,프로텍
KRX:108860,셀바스AI
KRX:049070,인탑스
KRX:194480,데브시스터즈
KRX:215000,골프존
KRX:235980,메드팩토
KRX:082270,젬백스
KRX:036810,에프에스티
KRX:215600,신라젠
KRX:095660,네오위즈
KRX:200710,에이디테크놀로지
KRX:084850,아이티엠반도체
KRX:064290,인텍플러스
KRX:087010,펩트론
KRX:299900,위지윅스튜디오
KRX:299030,하나기술
KRX:091700,파트론
KRX:006730,서부T&D
KRX:405100,큐알티
KRX:033640,네패스
KRX:200130,콜마비앤에이치
KRX:043150,바텍
KRX:093320,케이아이엔엑스
KRX:378340,필에너지
KRX:007390,네이처셀
KRX:218410,RFHIC
KRX:323990,박셀바이오
KRX:068240,다원시스
KRX:110990,디아이티
KRX:206650,유바이오로직스
KRX:243070,휴온스
KRX:372320,큐로셀
KRX:054450,텔레칩스
KRX:330860,네패스아크
KRX:335890,비올
KRX:122640,예스티
KRX:348340,뉴로메카
KRX:005160,동국산업
KRX:241710,코스메카코리아
KRX:338220,뷰노
KRX:340570,티앤엘
KRX:099430,바이오플러스
KRX:094170,동운아나텍
KRX:083310,엘오티베큠
KRX:095610,테스
KRX:041020,폴라리스오피스
KRX:101730,위메이드맥스
KRX:199800,툴젠
KRX:047310,파워로직스
KRX:416180,신성에스티
KRX:104830,원익머트리얼즈
KRX:151860,KG ETS
KRX:082920,비츠로셀
KRX:094480,갤럭시아머니트리
KRX:101160,월덱스
KRX:119610,인터로조
KRX:425040,티이엠씨
KRX:041830,인바디
KRX:118990,모트렉스
KRX:206640,바디텍메드
KRX:050890,쏠리드
KRX:252990,샘씨엔에스
KRX:243840,신흥에스이씨
KRX:035600,KG이니시스
KRX:432720,퀄리타스반도체
KRX:425420,티에프이
KRX:319400,현대무벡스
KRX:083450,GST
KRX:034950,한국기업평가
KRX:056080,유진로봇
KRX:099320,쎄트렉아이
KRX:290690,소룩스
KRX:108490,로보티즈
KRX:033500,동성화인텍
KRX:322310,오로스테크놀로지
KRX:114810,한솔아이원스
KRX:117730,티로보틱스
KRX:439090,마녀공장
KRX:053030,바이넥스
KRX:263720,디앤씨미디어
KRX:023160,태광
KRX:402030,코난테크놀로지
KRX:448280,에코아이
KRX:126700,하이비젼시스템
KRX:270660,에브리봇
KRX:270520,지오릿에너지
KRX:357550,석경에이티
KRX:051370,인터플렉스
KRX:230360,에코마케팅
KRX:100790,미래에셋벤처투자
KRX:089970,에이피티씨
KRX:029960,코엔텍
KRX:441270,파인엠텍
KRX:033100,제룡전기
KRX:101670,하이드로리튬
KRX:039840,디오
KRX:027360,아주IB투자
KRX:089010,켐트로닉스
KRX:060150,인선이엔티
KRX:038500,삼표시멘트
KRX:054950,제이브이엠
KRX:014620,성광벤드
KRX:095700,제넥신
KRX:047560,이스트소프트
KRX:079810,디이엔티
KRX:013030,하이록코리아
KRX:044490,태웅
KRX:090360,로보스타
KRX:298830,슈어소프트테크
KRX:136480,하림
KRX:256840,한국비엔씨
KRX:025770,한국정보통신
KRX:267980,매일유업
KRX:089980,상아프론테크
KRX:265520,AP시스템
KRX:080160,모두투어
KRX:102710,이엔에프테크놀로지
KRX:200670,휴메딕스
KRX:123860,아나패스
KRX:059090,미코
KRX:161580,필옵틱스
KRX:217270,넵튠
KRX:060720,KH바텍
KRX:254490,미래반도체
KRX:443670,에스피소프트
KRX:217330,싸이토젠
KRX:042600,새로닉스
KRX:061970,LB세미콘
KRX:307750,국전약품
KRX:102120,어보브반도체
KRX:092040,아미코젠
KRX:077360,덕산하이메탈
KRX:146320,비씨엔씨
KRX:148150,세경하이테크
KRX:058820,CMG제약
KRX:251970,펌텍코리아
KRX:045100,한양이엔지
KRX:033160,엠케이전자
KRX:108230,톱텍
KRX:064260,다날
KRX:445680,큐리옥스바이오시스템즈
KRX:051500,CJ프레시웨이
KRX:041960,코미팜
KRX:023410,유진기업
KRX:032620,유비케어
KRX:030530,원익홀딩스
KRX:052020,에스티큐브
KRX:035890,서희건설
KRX:304100,솔트룩스
KRX:003800,에이스침대
KRX:084110,휴온스글로벌
KRX:107600,새빗켐
KRX:166480,코아스템켐온
KRX:278650,HLB바이오스텝
KRX:100120,뷰웍스
KRX:036030,케이티알파
KRX:950130,엑세스바이오
KRX:282880,코윈테크
KRX:138580,비즈니스온
KRX:297890,HB솔루션
KRX:051980,중앙첨단소재
KRX:397030,에이프릴바이오
KRX:086980,쇼박스
KRX:086390,유니테스트
KRX:216080,제테마
KRX:089600,나스미디어
KRX:382840,원준
KRX:093520,매커스
KRX:031330,에스에이엠티
KRX:214680,디알텍
KRX:217820,원익피앤이
KRX:334970,프레스티지바이오로직스
KRX:064800,젬백스링크
KRX:013120,동원개발
KRX:083790,CG인바이츠
KRX:204620,글로벌텍스프리
KRX:174900,앱클론
KRX:018310,삼목에스폼
KRX:354320,알멕
KRX:036620,감성코퍼레이션
KRX:126340,비나텍
KRX:226950,올릭스
KRX:052400,코나아이
KRX:034810,해성산업
KRX:452430,사피엔반도체
KRX:083650,비에이치아이
KRX:121800,비덴트
KRX:051360,토비스
KRX:190510,나무가
KRX:389020,자람테크놀로지
KRX:228670,레이
KRX:089890,코세스
KRX:092070,디엔에프
KRX:131370,알서포트
KRX:093640,케이알엠
KRX:124500,아이티센
KRX:043370,피에이치에이
KRX:036200,유니셈
KRX:096040,이트론
KRX:268600,셀리버리
KRX:078070,유비쿼스홀딩스
KRX:017890,한국알콜
KRX:451760,컨텍
KRX:388720,유일로보틱스
KRX:049950,미래컴퍼니
KRX:123040,엠에스오토텍
KRX:126600,BGF에코머티리얼즈
KRX:078160,메디포스트
KRX:290670,대보마그네틱
KRX:078020,이베스트투자증권
KRX:084650,랩지노믹스
KRX:950140,잉글우드랩
KRX:102940,코오롱생명과학
KRX:171090,선익시스템
KRX:079940,가비아
KRX:289220,자이언트스텝
KRX:060570,드림어스컴퍼니
KRX:417010,나노팀
KRX:063080,컴투스홀딩스
KRX:048870,시너지이노베이션
KRX:472850,폰드그룹
KRX:053080,케이엔솔
KRX:048530,인트론바이오
KRX:214430,아이쓰리시스템
KRX:060370,LS마린솔루션
KRX:211270,AP위성
KRX:356860,티엘비
KRX:150840,인트로메딕
KRX:318020,포인트모바일
KRX:032300,한국파마
KRX:038290,마크로젠
KRX:396270,넥스트칩
KRX:389500,에스비비테크
KRX:073570,리튬포어스
KRX:950170,JTC
KRX:205470,휴마시스
KRX:054210,이랜텍
KRX:104460,디와이피엔에프
KRX:384470,코어라인소프트
KRX:122450,KX
KRX:038110,에코플라스틱
KRX:298540,더네이쳐홀딩스
KRX:053300,한국정보인증
KRX:321820,와이더플래닛
KRX:900290,GRT
KRX:042420,네오위즈홀딩스
KRX:445180,퓨릿
KRX:402490,그린리소스
KRX:285490,노바텍
KRX:168360,펨트론
KRX:045390,대아티아이
KRX:182360,큐브엔터
KRX:046440,KG모빌리언스
KRX:091580,상신이디피
KRX:078350,한양디지텍
KRX:036800,나이스정보통신
KRX:144960,뉴파워프라즈마
KRX:365590,하이딥
KRX:024850,HLB이노베이션
KRX:088390,이녹스
KRX:297090,씨에스베어링
KRX:067280,멀티캠퍼스
KRX:040300,YTN
KRX:063570,한국전자금융
KRX:092730,네오팜
KRX:219130,타이거일렉
KRX:042370,비츠로테크
KRX:013990,아가방컴퍼니
KRX:090710,휴림로봇
KRX:060590,씨티씨바이오
KRX:389260,대명에너지
KRX:036890,진성티이씨
KRX:322510,제이엘케이
KRX:067080,대화제약
KRX:066790,씨씨에스
KRX:057880,피에이치씨
KRX:230240,에치에프알
KRX:234340,헥토파이낸셜
KRX:220100,퓨쳐켐
KRX:452400,이닉스
KRX:143160,아이디스
KRX:019210,와이지-원
KRX:084990,헬릭스미스
KRX:207760,미스터블루
KRX:045970,코아시아
KRX:370090,퓨런티어
KRX:143240,사람인
KRX:206560,덱스터
KRX:067000,조이시티
KRX:033340,좋은사람들
KRX:078150,HB테크놀러지
KRX:321550,티움바이오
KRX:083930,아바코
KRX:023760,한국캐피탈
KRX:109610,에스와이
KRX:063170,서울옥션
KRX:035080,그래디언트
KRX:179290,엠아이텍
KRX:408900,스튜디오미르
KRX:073490,이노와이어리스
KRX:096240,크레버스
KRX:086890,이수앱지스
KRX:091440,한울소재과학
KRX:037070,파세코
KRX:122990,와이솔
KRX:032820,우리기술
KRX:211050,인카금융서비스
KRX:220260,켐트로스
KRX:225530,보광산업
KRX:085670,뉴프렉스
KRX:294570,쿠콘
KRX:011040,경동제약
KRX:036560,영풍정밀
KRX:080420,모다이노칩
KRX:357230,에이치피오
KRX:234690,녹십자웰빙
KRX:418420,라온텍
KRX:192440,슈피겐코리아
KRX:042520,한스바이오메드
KRX:149950,아바텍
KRX:035810,이지홀딩스
KRX:203650,드림시큐리티
KRX:043610,지니뮤직
KRX:239890,피엔에이치테크
KRX:172670,에이엘티
KRX:092870,엑시콘
KRX:200470,에이팩트
KRX:194700,노바렉스
KRX:264850,이랜시스
KRX:226330,신테카바이오
KRX:432430,와이랩
KRX:065560,녹원씨엔아이
KRX:033290,코웰패션
KRX:038540,상상인
KRX:251370,와이엠티
KRX:262260,에이프로
KRX:418470,밀리의서재
KRX:457550,우진엔텍
KRX:016790,카나리아바이오
KRX:080580,오킨스전자
KRX:389140,포바이포
KRX:131400,이브이첨단소재
KRX:315640,딥노이드
KRX:023600,삼보판지
KRX:125210,아모그린텍
KRX:160980,싸이맥스
KRX:452190,한빛레이저
KRX:439580,블루엠텍
KRX:024810,이화전기
KRX:300080,플리토
KRX:065510,휴비츠
KRX:214180,헥토이노베이션
KRX:088800,에이스테크
KRX:030960,양지사
KRX:365270,큐라클
KRX:264450,유비쿼스
KRX:136540,윈스
KRX:068930,디지털대성
KRX:388870,파로스아이바이오
KRX:027710,팜스토리
KRX:110790,크리스에프앤씨
KRX:236200,슈프리마
KRX:396470,워트
KRX:376190,LB루셈
KRX:094820,일진파워
KRX:005860,한일사료
KRX:290550,디케이티
KRX:115960,연우
KRX:382800,지앤비에스 에코
KRX:046210,HLB파나진
KRX:205100,엑셈
KRX:023910,대한약품
KRX:418620,이에이트
KRX:100130,동국S&C
KRX:355390,크라우드웍스
KRX:029480,광무
KRX:360350,코셈
KRX:025950,동신건설
KRX:084730,팅크웨어
KRX:356680,엑스게이트
KRX:311320,지오엘리먼트
KRX:138610,나이벡
KRX:348150,고바이오랩
KRX:121440,골프존뉴딘홀딩스
KRX:090470,제이스텍
KRX:424960,스마트레이더시스템
KRX:033230,인성정보
KRX:362320,청담글로벌
KRX:451220,아이엠티
KRX:119830,아이텍
KRX:092190,서울바이오시스
KRX:048550,SM C&C
KRX:068790,DMS
KRX:013310,아진산업
KRX:388050,지투파워
KRX:067990,도이치모터스
KRX:453860,에이에스텍
KRX:104480,티케이케미칼
KRX:044340,위닉스
KRX:277880,티에스아이
KRX:950220,네오이뮨텍
KRX:261200,덴티스
KRX:377480,마음AI
KRX:102370,케이옥션
KRX:086960,MDS테크
KRX:092130,이크레더블
KRX:099440,스맥
KRX:382900,범한퓨얼셀
KRX:419050,삼기이브이
KRX:950190,고스트스튜디오
KRX:036190,금화피에스시
KRX:208370,셀바스헬스케어
KRX:021080,에이티넘인베스트
KRX:255440,야스
KRX:123410,코리아에프티
KRX:039560,다산네트웍스
KRX:317870,엔바이오니아
KRX:012700,리드코프
KRX:310200,애니플러스
KRX:417500,제이아이테크
KRX:294090,이오플로우
KRX:377450,리파인
KRX:222810,세토피아
KRX:114840,아이패밀리에스씨
KRX:294630,서남
KRX:337930,브랜드엑스코퍼레이션
KRX:079960,동양이엔피
KRX:065680,우주일렉트로
KRX:006620,동구바이오제약
KRX:072770,율호
KRX:137950,제이씨케미칼
KRX:060560,홈센타홀딩스
KRX:006910,보성파워텍
KRX:065450,빅텍
KRX:138080,오이솔루션
KRX:228850,레이언스
KRX:432470,케이엔에스
KRX:078940,퀀타피아
KRX:162300,신스틸
KRX:023900,풍국주정
KRX:170920,엘티씨
KRX:024060,흥구석유
KRX:049720,고려신용정보
KRX:105760,포스뱅크
KRX:273640,와이엠텍
KRX:014470,부방
KRX:199550,레이저옵텍
KRX:140670,알에스오토메이션
KRX:291230,엔피
KRX:082800,비보존 제약
KRX:156100,엘앤케이바이오
KRX:064820,케이프
KRX:307930,컴퍼니케이
KRX:338840,와이바이오로직스
KRX:300120,라온피플
KRX:347860,알체라
KRX:332570,와이팜
KRX:274090,켄코아에어로스페이스
KRX:140070,서플러스글로벌
KRX:195990,에이비프로바이오
KRX:007330,푸른저축은행
KRX:074430,아미노로직스
KRX:180400,DXVX
KRX:019550,SBI인베스트먼트
KRX:419080,엔젯
KRX:104540,코렌텍
KRX:033170,시그네틱스
KRX:183490,엔지켐생명과학
KRX:036010,아비코전자
KRX:246710,티앤알바이오팹
KRX:032860,더라미
KRX:109740,디에스케이
KRX:251630,브이원텍
KRX:048910,대원미디어
KRX:014940,오리엔탈정공
KRX:040910,아이씨디
KRX:012860,모베이스전자
KRX:036630,세종텔레콤
KRX:259630,엠플러스
KRX:066700,테라젠이텍스
KRX:214260,라파스
KRX:054620,APS
KRX:250060,모비스
KRX:052260,현대바이오랜드
KRX:042510,라온시큐어
KRX:037460,삼지전자
KRX:182400,엔케이맥스
KRX:053580,웹케시
KRX:149980,하이로닉
KRX:159580,제로투세븐
KRX:216050,인크로스
KRX:060310,3S
KRX:026150,특수건설
KRX:039340,한국경제TV
KRX:066980,한성크린텍
KRX:371950,풍원정밀
KRX:112290,와이씨켐
KRX:065660,안트로젠
KRX:071200,인피니트헬스케어
KRX:267320,나인테크
KRX:071280,로체시스템즈
KRX:159010,아스플로
KRX:314130,지놈앤컴퍼니
KRX:261780,차백신연구소
KRX:082850,우리바이오
KRX:203400,에이비온
KRX:006580,대양제지
KRX:419530,SAMG엔터
KRX:038390,레드캡투어
KRX:105330,케이엔더블유
KRX:073010,케이에스피
KRX:124560,태웅로직스
KRX:311690,CJ 바이오사이언스
KRX:317770,엑스페릭스
KRX:054050,농우바이오
KRX:269620,시스웍
KRX:411080,샌즈랩
KRX:047820,초록뱀미디어
KRX:120240,대정화금
KRX:086820,바이오솔루션
KRX:059270,해성티피씨
KRX:067900,와이엔텍
KRX:115160,휴맥스
KRX:053700,삼보모터스
KRX:366030,공구우먼
KRX:072870,메가스터디
KRX:347890,엠투아이
KRX:005710,대원산업
KRX:090850,현대이지웰
KRX:217190,제너셈
KRX:256940,케이피에스
KRX:272110,케이엔제이
KRX:054780,키이스트
KRX:383930,디티앤씨알오
KRX:003100,선광
KRX:164060,이루다
KRX:041590,플래스크
KRX:018000,유니슨
KRX:443250,레뷰코퍼레이션
KRX:417790,트루엔
KRX:036710,심텍홀딩스
KRX:900250,크리스탈신소재
KRX:051160,지어소프트
KRX:035610,솔본
KRX:215360,우리산업
KRX:236810,엔비티
KRX:061040,알에프텍
KRX:053280,예스24
KRX:173130,오파스넷
KRX:099750,이지케어텍
KRX:052710,아모텍
KRX:206400,베노티앤알
KRX:417840,저스템
KRX:282720,금양그린파워
KRX:036120,SCI평가정보
KRX:357580,아모센스
KRX:407400,꿈비
KRX:391710,코닉오토메이션
KRX:377030,맥스트
KRX:096630,에스코넥
KRX:111710,남화산업
KRX:066590,우수AMS
KRX:100700,세운메디칼
KRX:142210,유니트론텍
KRX:289080,SV인베스트먼트
KRX:263600,덕우전자
KRX:089850,유비벨록스
KRX:058400,KNN
KRX:304360,에스바이오메딕스
KRX:353810,이지바이오
KRX:108380,대양전기공업
KRX:038880,아이에이
KRX:382480,지아이텍
KRX:054670,대한뉴팜
KRX:215090,휴센텍
KRX:178780,일월지엠엘
KRX:170030,현대공업
KRX:041930,동아화성
KRX:263860,지니언스
KRX:148140,비디아이
KRX:053160,프리엠스
KRX:171120,라이온켐텍
KRX:264660,씨앤지하이테크
KRX:361390,제노코
KRX:053450,세코닉스
KRX:041920,메디아나
KRX:052420,오성첨단소재
KRX:293780,압타바이오
KRX:452280,한선엔지니어링
KRX:241790,오션브릿지
KRX:240600,유진테크놀로지
KRX:263690,디알젬
KRX:276040,스코넥
KRX:049960,쎌바이오텍
KRX:009730,코센
KRX:054800,아이디스홀딩스
KRX:376930,노을
KRX:232680,라온테크
KRX:234300,에스트래픽
KRX:123420,위메이드플레이
KRX:067570,엔브이에이치코리아
KRX:057680,티사이언티픽
KRX:115180,큐리언트
KRX:041440,현대에버다임
KRX:058630,엠게임
KRX:045660,에이텍
KRX:059210,메타바이오메드
KRX:086670,비엠티
KRX:032850,비트컴퓨터
KRX:067370,선바이오
KRX:033310,엠투엔
KRX:027580,상보
KRX:226400,오스테오닉
KRX:033540,파라텍
KRX:126880,제이엔케이히터
KRX:317830,에스피시스템스
KRX:306620,네온테크
KRX:271830,팸텍
KRX:203690,스피어파워
KRX:368770,파이버프로
KRX:109670,씨싸이트
KRX:241690,유니테크노
KRX:005990,매일홀딩스
KRX:222040,코스맥스엔비티
KRX:369370,블리츠웨이
KRX:323280,태성
KRX:330350,위더스제약
KRX:284620,카이노스메드
KRX:056090,이노시스
KRX:071670,에이테크솔루션
KRX:054040,한국컴퓨터
KRX:036090,위지트
KRX:403490,우듬지팜
KRX:066620,국보디자인
KRX:000440,중앙에너비스
KRX:061250,화일약품
KRX:052330,코텍
KRX:050110,캠시스
KRX:078890,가온그룹
KRX:241840,에이스토리
KRX:191420,테고사이언스
KRX:104620,노랑풍선
KRX:217730,강스템바이오텍
KRX:009300,삼아제약
KRX:263700,케어랩스
KRX:340360,다보링크
KRX:251120,바이오에프디엔씨
KRX:368600,아이씨에이치
KRX:389470,인벤티지랩
KRX:160550,NEW
KRX:054920,한컴위드
KRX:040420,정상제이엘에스
KRX:010470,오리콤
KRX:321370,센서뷰
KRX:043650,국순당
KRX:340930,유일에너테크
KRX:257370,피엔티엠에스
KRX:352090,스톰테크
KRX:082210,옵트론텍
KRX:160600,이큐셀
KRX:095190,이엠코리아
KRX:093920,서원인텍
KRX:234100,폴라리스세원
KRX:199820,제일전기공업
KRX:101930,인화정공
KRX:060230,소니드
KRX:105550,트루윈
KRX:187870,디바이스이엔지
KRX:093190,빅솔론
KRX:065130,탑엔지니어링
KRX:049080,기가레인
KRX:059120,아진엑스텍
KRX:258610,케일럼
KRX:408920,메쎄이상
KRX:027050,코리아나
KRX:027830,대성창투
KRX:241520,DSC인베스트먼트
KRX:053980,오상자이엘
KRX:001540,안국약품
KRX:330730,스톤브릿지벤처스
KRX:253840,수젠텍
KRX:007820,에스엠코어
KRX:065530,와이어블
KRX:037950,엘컴텍
KRX:067290,JW신약
KRX:094850,참좋은여행
KRX:039860,나노엔텍
KRX:018120,진로발효
KRX:361570,알비더블유
KRX:302430,이노메트리
KRX:049520,유아이엘
KRX:073560,우리손에프앤지
KRX:021320,KCC건설
KRX:290720,푸드나무
KRX:052790,액토즈소프트
KRX:288620,에스퓨얼셀
KRX:080000,에스엔유
KRX:092460,한라IMS
KRX:217500,러셀
KRX:038680,에스넷
KRX:019010,베뉴지
KRX:396300,세아메카닉스
KRX:072020,중앙백신
KRX:950110,SBI핀테크솔루션즈
KRX:127980,화인써키트
KRX:352910,오비고
KRX:293580,나우IB
KRX:006140,피제이전자
KRX:309960,LB인베스트먼트
KRX:215100,로보로보
KRX:226440,한송네오텍
KRX:019590,엠벤처투자
KRX:089790,제이티
KRX:263050,유틸렉스
KRX:196300,애니젠
KRX:339950,아이비김영
KRX:237820,플레이디
KRX:205500,액션스퀘어
KRX:068100,케이웨더
KRX:308080,바이젠셀
KRX:417970,모델솔루션
KRX:234920,자이글
KRX:141000,비아트론
KRX:155650,와이엠씨
KRX:347770,핌스
KRX:106190,하이텍팜
KRX:348350,위드텍
KRX:086710,선진뷰티사이언스
KRX:066670,디스플레이텍
KRX:053050,지에스이
KRX:065710,서호전기
KRX:078140,대봉엘에스
KRX:064480,브리지텍
KRX:122310,제노레이
KRX:255220,SG
KRX:347000,센코
KRX:115500,케이씨에스
KRX:064240,홈캐스트
KRX:037440,희림
KRX:024880,케이피에프
KRX:066410,버킷스튜디오
KRX:214270,FSN
KRX:260930,씨티케이
KRX:303530,이노뎁
KRX:002800,신신제약
KRX:066310,큐에스아이
KRX:333620,엔시스
KRX:265560,영화테크
KRX:153710,옵티팜
KRX:042500,링네트
KRX:039980,리노스
KRX:094970,제이엠티
KRX:446540,메가터치
KRX:158430,아톤
KRX:950200,소마젠
KRX:163730,핑거
KRX:053290,NE능률
KRX:053260,금강철강
KRX:201490,미투온
KRX:011560,세보엠이씨
KRX:011320,유니크
KRX:069510,에스텍
KRX:039290,인포뱅크
KRX:086040,바이오톡스텍
KRX:130580,나이스디앤비
KRX:037330,인지디스플레
KRX:073640,테라사이언스
KRX:048430,유라테크
KRX:225190,삼양옵틱스
KRX:218150,미래생명자원
KRX:241770,메카로
KRX:033830,티비씨
KRX:041910,에스텍파마
KRX:046120,오르비텍
KRX:277070,린드먼아시아
KRX:008830,대동기어
KRX:014200,광림
KRX:363260,모비데이즈
KRX:064520,테크엘
KRX:033320,제이씨현시스템
KRX:305090,마이크로디지탈
KRX:192250,케이사인
KRX:131030,옵투스제약
KRX:151910,SBW생명과학
KRX:142280,녹십자엠에스
KRX:056730,CNT85
KRX:136410,아셈스
KRX:204610,티쓰리
KRX:365330,에스와이스틸텍
KRX:066910,손오공
KRX:010170,대한광통신
KRX:009780,엠에스씨
KRX:353590,오토앤
KRX:090410,덕신하우징
KRX:186230,그린플러스
KRX:054930,유신
KRX:052770,아이톡시
KRX:440290,HB인베스트먼트
KRX:204840,지엘팜텍
KRX:098120,마이크로컨텍솔
KRX:083500,에프엔에스테크
KRX:208340,파멥신
KRX:011370,서한
KRX:301300,바이브컴퍼니
KRX:302550,리메드
KRX:020710,시공테크
KRX:290090,트윔
KRX:187420,제노포커스
KRX:036640,HRS
KRX:139670,키네마스터
KRX:212560,네오오토
KRX:438700,버넥트
KRX:041460,한국전자인증
KRX:351330,이삭엔지니어링
KRX:068050,팬엔터테인먼트
KRX:452160,제이엔비
KRX:333430,일승
KRX:274400,이노시뮬레이션
KRX:208140,정다운
KRX:037370,EG
KRX:150900,파수
KRX:043910,자연과환경
KRX:004650,창해에탄올
KRX:032540,TJ미디어
KRX:109860,동일금속
KRX:063440,SM Life Design
KRX:064090,웨스트라이즈
KRX:189980,흥국에프엔비
KRX:239610,에이치엘사이언스
KRX:101170,우림피티에스
KRX:012790,신일제약
KRX:263540,어스앤에어로스페이스
KRX:321260,프로이천
KRX:448710,코츠테크놀로지
KRX:450520,인스웨이브시스템즈
KRX:038070,서린바이오
KRX:096350,대창솔루션
KRX:024800,유성티엔에스
KRX:014190,원익큐브
KRX:263800,데이타솔루션
KRX:189690,포시에스
KRX:025550,한국선재
KRX:128660,피제이메탈
KRX:200230,텔콘RF제약
KRX:036670,KCI
KRX:100590,머큐리
KRX:175250,아이큐어
KRX:322180,티라유텍
KRX:049430,코메론
KRX:015710,코콤
KRX:101330,모베이스
KRX:238090,앤디포스
KRX:051490,나라엠앤디
KRX:219420,링크제니시스
KRX:430690,한싹
KRX:129920,대성하이텍
KRX:087600,픽셀플러스
KRX:043260,성호전자
KRX:106080,하이소닉
KRX:024910,경창산업
KRX:377220,프롬바이오
KRX:314140,알피바이오
KRX:185490,아이진
KRX:039240,경남스틸
KRX:288330,브릿지바이오테라퓨틱스
KRX:105740,디케이락
KRX:170790,파이오링크
KRX:260660,알리코제약
KRX:376980,원티드랩
KRX:415380,스튜디오삼익
KRX:226340,본느
KRX:348030,모비릭스
KRX:306040,에스제이그룹
KRX:347740,피엔케이피부임상연구센타
KRX:246720,아스타
KRX:057030,YBM넷
KRX:242040,나무기술
KRX:053270,구영테크
KRX:134580,탑코미디어
KRX:239340,줌인터넷
KRX:440320,오픈놀
KRX:023440,제이스코홀딩스
KRX:222160,NPX
KRX:072470,우리산업홀딩스
KRX:355690,에이텀
KRX:307180,아이엘사이언스
KRX:049180,셀루메드
KRX:419120,산돌
KRX:327260,RF머트리얼즈
KRX:046390,삼화네트웍스
KRX:065950,웰크론
KRX:024740,한일단조
KRX:087260,모바일어플라이언스
KRX:094840,슈프리마에이치큐
KRX:083660,CSA 코스믹
KRX:256630,포인트엔지니어링
KRX:049480,오픈베이스
KRX:417860,오브젠
KRX:052900,KX하이텍
KRX:147760,피엠티
KRX:042110,에스씨디
KRX:123570,이엠넷
KRX:220180,핸디소프트
KRX:225220,제놀루션
KRX:033130,디지틀조선
KRX:122350,삼기
KRX:041520,이라이콤
KRX:017650,대림제지
KRX:352770,클리노믹스
KRX:245620,EDGC
KRX:017480,삼현철강
KRX:122690,서진오토모티브
KRX:092300,현우산업
KRX:052220,iMBC
KRX:038870,에코바이오
KRX:376180,피코그램
KRX:214610,미코바이오메드
KRX:039830,오로라
KRX:412350,레이저쎌
KRX:452300,캡스톤파트너스
KRX:115440,우리넷
KRX:081150,티플랙스
KRX:094940,푸른기술
KRX:424980,마이크로투나노
KRX:340810,씨유박스
KRX:224110,에이텍모빌리티
KRX:352700,씨앤투스
KRX:260970,에스앤디
KRX:060850,영림원소프트랩
KRX:265740,엔에프씨
KRX:088910,동우팜투테이블
KRX:290740,액트로
KRX:072990,에이치시티
KRX:285800,진영
KRX:084180,수성샐바시온
KRX:303030,지니틱스
KRX:442900,미래에셋드림스팩1호
KRX:434480,모니터랩
KRX:119850,지엔씨에너지
KRX:418250,시큐레터
KRX:046970,우리로
KRX:196490,디에이테크놀로지
KRX:314930,바이오다인
KRX:067920,이글루
KRX:137080,나래나노텍
KRX:317850,대모
KRX:318000,KBG
KRX:014570,고려제약
KRX:043220,티에스넥스젠
KRX:032680,소프트센
KRX:250000,보라티알
KRX:088130,동아엘텍
KRX:227950,엔투텍
KRX:080530,코디
KRX:288980,모아데이타
KRX:270870,뉴트리
KRX:348080,큐라티스
KRX:317690,퀀타매트릭스
KRX:024950,삼천리자전거
KRX:148930,에이치와이티씨
KRX:049550,잉크테크
KRX:322780,코퍼스코리아
KRX:096690,에이루트
KRX:095270,웨이브일렉트로
KRX:064850,에프앤가이드
KRX:069920,아이에스이커머스
KRX:378800,샤페론
KRX:007370,진양제약
KRX:002230,피에스텍
KRX:115610,이미지스
KRX:010240,흥국
KRX:133750,메가엠디
KRX:115310,인포바인
KRX:050960,수산아이앤티
KRX:389030,지니너스
KRX:103840,우양
KRX:200350,래몽래인
KRX:359090,씨엔알리서치
KRX:066900,디에이피
KRX:097800,윈팩
KRX:355150,코스텍시스
KRX:032940,원익
KRX:044060,조광ILI
KRX:238490,힘스
KRX:091590,남화토건
KRX:336060,웨이버스
KRX:097780,에코볼트
KRX:007680,대원
KRX:189330,씨이랩
KRX:273060,와이즈버즈
KRX:373170,엠아이큐브솔루션
KRX:405920,나라셀라
KRX:042040,케이피엠테크
KRX:104200,NHN벅스
KRX:038010,제일테크노스
KRX:277410,인산가
KRX:254120,자비스
KRX:168330,내츄럴엔도텍
KRX:173940,에프엔씨엔터
KRX:088280,쏘닉스
KRX:147830,제룡산업
KRX:067170,오텍
KRX:223250,드림씨아이에스
KRX:056700,신화인터텍
KRX:043340,에쎈테크
KRX:039420,케이엘넷
KRX:060540,에스에이티
KRX:294140,레몬
KRX:023460,CNH
KRX:393210,토마토시스템
KRX:038460,바이오스마트
KRX:171010,램테크놀러지
KRX:367000,플래티어
KRX:263770,유에스티
KRX:128540,에코캡
KRX:097870,효성오앤비
KRX:075970,동국알앤에스
KRX:413640,비아이매트릭스
KRX:066130,하츠
KRX:139050,BF랩스
KRX:047770,코데즈컴바인
KRX:053350,이니텍
KRX:263810,상신전자
KRX:099220,SDN
KRX:004780,대륙제관
KRX:900100,애머릿지
KRX:044960,이글벳
KRX:037230,한국팩키지
KRX:019990,에너토크
KRX:031310,아이즈비전
KRX:100030,인지소프트
KRX:304840,피플바이오
KRX:099390,브레인즈컴퍼니
KRX:109960,에이프로젠 H&G
KRX:307280,원바이오젠
KRX:299170,더블유에스아이
KRX:417180,핑거스토리
KRX:256150,한독크린텍
KRX:100660,서암기계공업
KRX:222110,팬젠
KRX:376290,씨유테크
KRX:388790,라이콤
KRX:110020,전진바이오팜
KRX:229000,젠큐릭스
KRX:024830,세원물산
KRX:010280,쌍용정보통신
KRX:037350,성도이엔지
KRX:335810,프리시젼바이오
KRX:053620,태양
KRX:238120,얼라인드
KRX:037030,파워넷
KRX:025440,DH오토웨어
KRX:198940,한주라이트메탈
KRX:065370,위세아이텍
KRX:405000,플라즈맵
KRX:047080,한빛소프트
KRX:068330,일신바이오
KRX:226360,KH 건설
KRX:052670,제일바이오
KRX:019540,일지테크
KRX:040350,큐로컴
KRX:039020,이건홀딩스
KRX:065650,메디프론
KRX:016600,큐캐피탈
KRX:204020,그리티
KRX:078590,휴림에이텍
KRX:014970,삼륭물산
KRX:318410,비비씨
KRX:007720,대명소노시즌
KRX:262840,아이퀘스트
KRX:357880,비트나인
KRX:127120,디엔에이링크
KRX:004590,한국가구
KRX:187660,에이디엠코리아
KRX:001840,이화공영
KRX:056360,코위버
KRX:022220,TKG애강
KRX:142760,비엘
KRX:279600,미디어젠
KRX:066360,체리부로
KRX:052300,씨티프라퍼티
KRX:276730,제주맥주
KRX:246960,이노테라피
KRX:039610,화성밸브
KRX:013720,CBI
KRX:311390,네오크레마
KRX:003310,대주산업
KRX:200780,비씨월드제약
KRX:013810,스페코
KRX:126640,화신정공
KRX:099520,ITX-AI
KRX:049830,승일
KRX:246690,TS인베스트먼트
KRX:024940,PN풍년
KRX:198440,고려시멘트
KRX:241820,피씨엘
KRX:298060,에스씨엠생명과학
KRX:227610,아우딘퓨쳐스
KRX:318010,팜스빌
KRX:018700,바른손
KRX:016250,SGC이테크건설
KRX:062860,티엘아이
KRX:377330,이지트로닉스
KRX:040610,SG&G
KRX:033200,모아텍
KRX:290380,대유
KRX:052460,아이크래프트
KRX:267790,배럴
KRX:222420,쎄노텍
KRX:067390,아스트
KRX:196450,코아시아씨엠
KRX:109080,옵티시스
KRX:046940,우원개발
KRX:034940,조아제약
KRX:332290,누보
KRX:354200,엔젠바이오
KRX:177350,베셀
KRX:032790,엠젠솔루션
KRX:153490,우리이앤엘
KRX:039010,현대에이치티
KRX:073110,엘엠에스
KRX:309930,오하임앤컴퍼니
KRX:080520,오디텍
KRX:114630,폴라리스우노
KRX:123840,한일진공
KRX:048770,TPC
KRX:092600,앤씨앤
KRX:217480,에스디생명공학
KRX:169330,엠브레인
KRX:080010,이상네트웍스
KRX:076080,웰크론한텍
KRX:050860,아세아텍
KRX:290120,DH오토리드
KRX:181340,이즈미디어
KRX:038620,위즈코프
KRX:351320,에스에이티이엔지
KRX:032580,피델릭스
KRX:052600,한네트
KRX:033560,블루콤
KRX:007770,한일화학
KRX:140520,대창스틸
KRX:198080,엔피디
KRX:187220,디티앤씨
KRX:175140,인포마크
KRX:307870,비투엔
KRX:069410,엔텔스
KRX:299660,셀리드
KRX:263920,휴엠앤씨
KRX:088290,이원컴포텍
KRX:038060,루멘스
KRX:290520,신도기연
KRX:083550,케이엠
KRX:049120,파인디앤씨
KRX:291650,압타머사이언스
KRX:131100,티엔엔터테인먼트
KRX:053590,한국테크놀로지
KRX:208640,썸에이지
KRX:009620,삼보산업
KRX:057540,옴니시스템
KRX:289010,아이스크림에듀
KRX:109820,진매트릭스
KRX:148780,비플라이소프트
KRX:045060,오공
KRX:391060,엔에이치스팩20호
KRX:019770,서연탑메탈
KRX:051380,피씨디렉트
KRX:210120,빅텐츠
KRX:096610,알에프세미
KRX:406820,뷰티스킨
KRX:089150,케이씨티
KRX:028080,휴맥스홀딩스
KRX:007530,와이엠
KRX:054540,삼영엠텍
KRX:340440,세림B&G
KRX:021880,메이슨캐피탈
KRX:036170,클라우드에어
KRX:058110,멕아이씨에스
KRX:187270,신화콘텍
KRX:362990,드림인사이트
KRX:065060,지엔코
KRX:008370,원풍
KRX:900310,컬러레이
KRX:429270,시지트로닉스
KRX:129890,앱코
KRX:221980,케이디켐
KRX:052860,아이앤씨
KRX:065440,이루온
KRX:313760,윌링스
KRX:024120,KB오토시스
KRX:012340,뉴인텍
KRX:090150,아이윈
KRX:049630,재영솔루텍
KRX:332370,아이디피
KRX:199730,바이오인프라
KRX:419540,비스토스
KRX:035620,바른손이앤에이
KRX:072950,빛샘전자
KRX:146060,율촌
KRX:031510,오스템
KRX:069540,라이트론
KRX:101390,아이엠
KRX:101240,씨큐브
KRX:036690,코맥스
KRX:195500,마니커에프앤지
KRX:021040,대호특수강
KRX:038950,파인디지털
KRX:193250,와이제이엠게임즈
KRX:368970,오에스피
KRX:177830,파버나인
KRX:221800,유투바이오
KRX:297570,알로이스
KRX:203450,유니온커뮤니티
KRX:023770,플레이위드
KRX:005670,푸드웰
KRX:138070,신진에스엠
KRX:040160,누리플렉스
KRX:328380,솔트웨어
KRX:094860,네오리진
KRX:037760,쎄니트
KRX:085910,네오티스
KRX:054300,팬스타엔터프라이즈
KRX:046310,백금T&A
KRX:222980,한국맥널티
KRX:067010,이씨에스
KRX:131220,대한과학
KRX:221840,하이즈항공
KRX:214870,뉴지랩파마
KRX:312610,에이에프더블류
KRX:290660,네오펙트
KRX:228340,동양파일
KRX:006920,모헨즈
KRX:021650,한국큐빅
KRX:448740,삼성스팩8호
KRX:032960,동일기연
KRX:032980,바이온
KRX:024840,KBI메탈
KRX:002290,삼일기업공사
KRX:006050,국영지앤엠
KRX:331520,밸로프
KRX:356890,싸이버원
KRX:037400,우리엔터프라이즈
KRX:053950,경남제약
KRX:045520,크린앤사이언스
KRX:263020,디케이앤디
KRX:208710,바이오로그디바이스
KRX:114450,그린생명과학
KRX:080720,한국유니온제약
KRX:900110,이스트아시아홀딩스
KRX:032750,삼진
KRX:054180,메디콕스
KRX:089530,에이티세미콘
KRX:131090,시큐브
KRX:184230,SGA솔루션즈
KRX:051390,YW
KRX:060900,DGP
KRX:153460,네이블
KRX:143540,영우디에스피
KRX:065500,오리엔트정공
KRX:001810,무림SP
KRX:331380,포커스에이치엔에스
KRX:363250,진시스템
KRX:353190,휴럼
KRX:197140,디지캡
KRX:900340,윙입푸드
KRX:020180,대신정보통신
KRX:051780,큐로홀딩스
KRX:323230,엠에프엠코리아
KRX:017510,세명전기
KRX:238200,비피도
KRX:089230,THE E&M
KRX:025880,케이씨피드
KRX:079170,한창산업
KRX:018680,서울제약
KRX:247660,나노씨엠에스
KRX:059100,아이컴포넌트
KRX:111870,KH 전자
KRX:119500,포메탈
KRX:130500,GH신소재
KRX:435620,하나금융25호스팩
KRX:192390,윈하이텍
KRX:036000,예림당
KRX:286750,나노브릭
KRX:075130,플랜티넷
KRX:291810,핀텔
KRX:127710,아시아경제
KRX:290270,휴네시온
KRX:187790,나노
KRX:101000,상상인인더스트리
KRX:232830,시큐센
KRX:045340,토탈소프트
KRX:042940,상지카일룸
KRX:123010,아이윈플러스
KRX:317120,라닉스
KRX:380540,옵티코어
KRX:189860,서전기전
KRX:290560,신시웨이
KRX:320000,윈텍
KRX:372800,아이티아이즈
KRX:083640,인콘
KRX:115480,씨유메디칼
KRX:039310,세중
KRX:121850,코이즈
KRX:016100,리더스코스메틱
KRX:036180,지더블유바이텍
KRX:016920,카스
KRX:045300,성우테크론
KRX:036480,대성미생물
KRX:045510,정원엔시스
KRX:048470,대동스틸
KRX:204630,스튜디오산타클로스
KRX:123750,알톤스포츠
KRX:008470,부스타
KRX:089140,넥스턴바이오
KRX:246250,에스엘에스바이오
KRX:060240,룽투코리아
KRX:296640,이노룰스
KRX:071850,캐스텍코리아
KRX:131760,파인텍
KRX:001000,신라섬유
KRX:060380,동양에스텍
KRX:050120,ES큐브
KRX:012620,원일특강
KRX:452980,신한제11호스팩
KRX:303360,프로티아
KRX:065570,삼영이엔씨
KRX:900120,씨엑스아이
KRX:076610,해성옵틱스
KRX:002680,한탑
KRX:219550,디와이디
KRX:093380,풍강
KRX:347700,라이프시맨틱스
KRX:215790,이노인스트루먼트
KRX:030350,드래곤플라이
KRX:101400,엔시트론
KRX:095910,에스에너지
KRX:065170,비엘팜텍
KRX:019660,글로본
KRX:252500,세화피앤씨
KRX:117670,알파홀딩스
KRX:317530,캐리소프트
KRX:217620,디딤이앤에프
KRX:086060,진바이오텍
KRX:044480,블레이드 Ent
KRX:317240,TS트릴리온
KRX:318160,셀바이오휴먼텍
KRX:035460,기산텔레콤
KRX:138360,협진
KRX:237750,피앤씨테크
KRX:031860,에스유홀딩스
KRX:014100,메디앙스
KRX:058450,엔터파트너즈
KRX:215480,토박스코리아
KRX:017000,신원종합개발
KRX:208350,지란지교시큐리티
KRX:080470,성창오토텍
KRX:137940,넥스트아이
KRX:113810,디젠스
KRX:439250,삼성스팩7호
KRX:079000,와토스코리아
KRX:043090,엑서지21
KRX:083470,이엠앤아이
KRX:035200,프럼파스트
KRX:043710,서울리거
KRX:190650,코리아에셋투자증권
KRX:033050,제이엠아이
KRX:258790,소프트캠프
KRX:038340,MIT
KRX:054090,삼진엘앤디
KRX:130740,티피씨글로벌
KRX:352940,인바이오
KRX:310870,디와이씨
KRX:048830,엔피케이
KRX:018620,우진비앤지
KRX:026040,제이에스티나
KRX:081580,성우전자
KRX:331920,셀레믹스
KRX:043590,웰킵스하이텍
KRX:043100,솔고바이오
KRX:373200,하인크코리아
KRX:058530,파나케이아
KRX:067730,로지시스
KRX:049470,SGA
KRX:299910,베스파
KRX:019570,리더스 기술투자
KRX:032080,아즈텍WB
KRX:131180,딜리
KRX:060260,뉴보텍
KRX:148250,알엔투테크놀로지
KRX:072520,제넨바이오
KRX:154040,다산솔루에타
KRX:099410,동방선기
KRX:104040,대성파인텍
KRX:063760,이엘피
KRX:154030,아시아종묘
KRX:044780,에이치케이
KRX:091340,S&K폴리텍
KRX:053060,세동
KRX:079190,케스피온
KRX:333050,모코엠시스
KRX:258830,세종메디칼
KRX:079650,서산
KRX:424760,벨로크
KRX:025870,신라에스지
KRX:050760,에스폴리텍
KRX:073190,듀오백
KRX:225590,패션플랫폼
KRX:365900,브이씨
KRX:068940,셀피글로벌
KRX:032280,삼일
KRX:085810,알티캐스트
KRX:192410,휴림네트웍스
KRX:008290,원풍물산
KRX:308100,까스텔바작
KRX:038530,케이바이오
KRX:451700,엔에이치스팩29호
KRX:020400,대동금속
KRX:091970,나노캠텍
KRX:159910,스킨앤스킨
KRX:027040,서울전자통신
KRX:103230,에스앤더블류
KRX:344860,이노진
KRX:054220,비츠로시스
KRX:054410,케이피티유
KRX:900070,글로벌에스엠
KRX:084440,유비온
KRX:900280,골든센츄리
KRX:900270,헝셩그룹
KRX:060480,국일신동
KRX:275630,에스에스알
KRX:035290,골드앤에스
KRX:224060,더코디
KRX:225430,케이엠제약
KRX:073540,에프알텍
KRX:017250,인터엠
KRX:016670,디모아
KRX:082660,코스나인
KRX:054940,엑사이엔씨
KRX:179530,애드바이오텍
KRX:043200,파루
KRX:098660,에스티오
KRX:065150,대산F&B
KRX:039740,한국정보공학
KRX:335870,윙스풋
KRX:361670,삼영에스앤씨
KRX:079950,인베니아
KRX:066430,와이오엠
KRX:377460,위니아에이드
KRX:121890,에스디시스템
KRX:900260,로스웰
KRX:464680,KB제27호스팩
KRX:032800,판타지오
KRX:123330,제닉
KRX:215380,우정바이오
KRX:208860,엔지스테크널러지
KRX:196700,웹스
KRX:134060,이퓨쳐
KRX:188260,세니젠
KRX:106240,파인테크닉스
KRX:219750,지티지웰니스
KRX:230980,비유테크놀러지
KRX:043360,디지아이
KRX:250930,예선테크
KRX:070590,한솔인티큐브
KRX:033790,스카이문스테크놀로지
KRX:065770,CS
KRX:067770,세진티에스
KRX:223310,커머스마이너
KRX:115570,스타플렉스
KRX:101680,한국정밀기계
KRX:026910,광진실업
KRX:079970,투비소프트
KRX:468510,삼성스팩9호
KRX:214310,에스엘에너지
KRX:191410,육일씨엔에쓰
KRX:054630,에이디칩스
KRX:071460,위니아
KRX:069140,누리플랜
KRX:115530,씨엔플러스
KRX:011080,형지I&C
KRX:050090,비케이홀딩스
KRX:070300,엑스큐어
KRX:069330,유아이디
KRX:436530,케이비제22호스팩
KRX:449020,유안타제13호스팩
KRX:457630,대신밸런스제16호스팩
KRX:244460,올리패스
KRX:430230,하나금융24호스팩
KRX:096870,엘디티
KRX:065420,에스아이리소스
KRX:900300,오가닉티코스메틱
KRX:466910,엔에이치스팩30호
KRX:439410,엔에이치스팩26호
KRX:419270,신영스팩7호
KRX:065690,파커스
KRX:023790,동일철강
KRX:227100,에이치앤비디자인
KRX:044180,KD
KRX:440820,엔에이치스팩27호
KRX:424140,케이비제21호스팩
KRX:405640,신한제9호스팩
KRX:430220,신영스팩8호
KRX:106520,노블엠앤비
KRX:406760,하나금융21호스팩
KRX:454750,하나28호스팩
KRX:422040,엔에이치스팩23호
KRX:457390,대신밸런스제15호스팩
KRX:442310,대신밸런스제14호스팩
KRX:469880,하나30호스팩
KRX:393360,신한제8호스팩
KRX:397880,교보11호스팩
KRX:078860,아이오케이
KRX:413630,유진스팩8호
KRX:062970,피피아이
KRX:421800,교보12호스팩
KRX:473050,유안타제15호스팩
KRX:471050,대신밸런스제17호스팩
KRX:436610,한국제11호스팩
KRX:412930,미래에셋비전스팩1호
KRX:418170,하나금융22호스팩
KRX:446750,하나26호스팩
KRX:046070,코다코
KRX:430460,한화플러스제3호스팩
KRX:438220,대신밸런스제13호스팩
KRX:425290,삼성스팩6호
KRX:435380,유안타제10호스팩
KRX:03481K,해성산업1우
KRX:446840,키움제8호스팩
KRX:448370,하나27호스팩
KRX:388800,유진스팩7호
KRX:456440,DB금융스팩11호
KRX:458320,KB제26호스팩
KRX:445970,신영스팩9호
KRX:454640,하나29호스팩
KRX:430700,유안타제9호스팩
KRX:174880,장원테크
KRX:455910,에스케이증권제9호스팩
KRX:439730,IBKS제20호스팩
KRX:415580,상상인제3호스팩
KRX:400840,하이제7호스팩
KRX:444920,유안타제11호스팩
KRX:437780,엔에이치스팩24호
KRX:450050,하이제8호스팩
KRX:448830,미래에셋비전스팩3호
KRX:446190,미래에셋비전스팩2호
KRX:448760,IBKS제22호스팩
KRX:058220,아리온
KRX:455310,한화플러스제4호스팩
KRX:452670,상상인제4호스팩
KRX:446150,유안타제12호스팩
KRX:442770,IBKS제21호스팩
KRX:472220,신영스팩10호
KRX:450940,유안타제14호스팩
KRX:456490,교보14호스팩
KRX:464440,한국제13호스팩
KRX:468760,유진스팩10호
KRX:455250,KB제25호스팩
KRX:440790,교보13호스팩
KRX:458610,한국제12호스팩
KRX:467930,IBKS제23호스팩
KRX:469480,IBKS제24호스팩
KRX:418210,신한제10호스팩
KRX:445360,비엔케이제1호스팩
KRX:462020,에이치엠씨제6호스팩
KRX:433530,키움제7호스팩
KRX:386580,한화플러스제2호스팩
KRX:465320,교보15호스팩
KRX:435870,에스케이증권제8호스팩
KRX:442130,유진스팩9호
KRX:161570,THE MIDONG
KRX:457940,에스케이증권제10호스팩
KRX:413600,키움제6호스팩
KRX:438580,엔에이치스팩25호
KRX:032685,소프트센우
KRX:021045,대호특수강우
